"Name","Calls","TotalDurationNs","AverageNs","Percentage"
"<barrier packet>",256,1421345213,5552129,39.995649344520594
"void mul_mat_q<(ggml_type)12, 64, false>(char const*, int const*, int const*, int const*, float*, float*, int, int, int, int, int, int, int, int, int, int, int, int, int, int, int, int, int)",376,959134849,2550890,26.989376503225124
"mul_mat_vec_q",12416,508097257,40922,14.297497566402091
"void mul_mat_q<(ggml_type)14, 64, false>(char const*, int const*, int const*, int const*, float*, float*, int, int, int, int, int, int, int, int, int, int, int, int, int, int, int, int, int)",60,221405639,3690093,6.230198138602035
"mul_mat_vec_f",4096,70865127,17301,1.994094569231802
"Cijk_Alik_Bljk_HB_GB_MT64x128x16_SN_1LDSB0_APM1_ABV0_ACED0_AF0EM2_AF1EM2_AMAS3_ASE_ASGT_ASLT_ASM_ASAE01_ASCE01_ASEM1_AAC0_BL1_BS1_CLR0_DTLA0_DTLB0_DTVA0_DTVB0_DVO0_ETSP_EPS1_ELFLR0_EMLL0_FSSC10_FL0_GLVWA4_GLVWB4_GRCGA1_GRCGB1_GRPM1_GRVW4_GSU1_GSUASB_GLS0_ISA900_IU1_K1_KLA_LBSPPA0_LBSPPB0_LPA0_LPB0_LDL1_LRVW4_LWPMn1_LDW0_FMA_MIAV0_MDA2_MO40_MMFGLC_MKFGSU256_NTA0_NTB0_NTC0_NTD0_NEPBS0_NLCA1_NLCB1_ONLL1_OPLV0_PK0_PAP0_PGR1_PLR1_PKA0_SIA1_SLW1_SS0_SU32_SUM0_SUS256_SCIUI1_SPO0_SRVW0_SSO0_SVW4_SNLL0_TSGRA0_TSGRB0_TT4_8_TLDS0_UMLDSA0_UMLDSB0_U64SL1_USFGROn1_VAW2_VSn1_VW4_VWB4_VFLRP0_WSGRA0_WSGRB0_WS64_WG16_16_1_WGM1",64,57164859,893200,1.6085787143625905
"quantize_q8_1",12416,56721216,4568,1.5960949140163678
"Cijk_Alik_Bljk_HSS_BH_GB_MT64x32x8_SE_1LDSB0_APM1_ABV0_ACED0_AF0EM1_AF1EM1_AMAS2_ASE_ASGT_ASLT_ASM_ASAE01_ASCE01_ASEM1_AAC0_BL1_BS1_CLR0_DTLA0_DTLB0_DTVA0_DTVB0_DVO0_ETSP_EPS0_ELFLR0_EMLL0_FSSC10_FL0_GLVWA2_GLVWB1_GRCGA1_GRCGB1_GRPM1_GRVW2_GSU1_GSUASB_GLS0_ISA000_IU1_K1_KLS_LBSPPA0_LBSPPB0_LPA0_LPB0_LDL1_LRVW2_LWPMn1_LDW0_FMA_MIAV0_MDA2_MO40_MMFSC_MKFGSU256_NTA0_NTB0_NTC0_NTD0_NEPBS0_NLCA1_NLCB1_ONLL1_OPLV0_PK0_PAP0_PGR0_PLR1_PKA0_SIA1_SLW1_SS0_SU32_SUM0_SUS256_SCIUI1_SPO0_SRVW0_SSO0_SVW4_SNLL0_TSGRA0_TSGRB0_TT4_2_TLDS0_UMLDSA0_UMLDSB0_U64SL1_USFGROn1_VAW2_VSn1_VW2_VWB2_VFLRP0_WSGRA0_WSGRB0_WS64_WG16_16_1_WGM8",64,53512483,836132,1.5058034361020636
"void soft_max_f32<true, 1024, 1024, float>(float const*, float const*, float const*, float*, soft_max_params)",32,27678925,864966,0.7788653793659941
"rms_norm_f32",4224,26035539,6163,0.7326216592672271
"void convert_unary<float, __half>(void const*, __half*, long, long, long, HIP_vector_type<unsigned int, 3u>, long, long, long)",128,24044192,187845,0.6765865626511435
"rope_norm",4096,18662475,4556,0.5251488513655563
"void quantize_mmq_q8_1<(mmq_q8_1_ds_layout)1>(float const*, int const*, void*, long, long, long, long, long, int, int)",376,16491144,43859,0.46404913224553473
"void soft_max_f32<true, 512, 512, float>(float const*, float const*, float const*, float*, soft_max_params)",32,12244246,382632,0.34454442525642004
"soft_max_f32",2048,10155794,4958,0.2857768625975498
"k_set_rows",2048,9780788,4775,0.2752244589021562
"void unary_gated_op_kernel<&op_silu(float), float>(float const*, float const*, float*, long, long, long, long)",60,9196033,153267,0.2587698666478991
"void cpy_scalar<&void cpy_1_scalar<float, float>(char const*, char*)>(char const*, char*, long, long, long, long, long, long, long, long, long, long, long, long, long, long, long)",64,7652458,119569,0.2153347575186658
"void k_set_rows<float, long, __half>(float const*, long const*, __half*, long, long, long, long, long, long, long, long, long, long, long, long, long, long, HIP_vector_type<unsigned int, 3u>, HIP_vector_type<unsigned int, 3u>, HIP_vector_type<unsigned int, 3u>, HIP_vector_type<unsigned int, 3u>, HIP_vector_type<unsigned int, 3u>)",80,6524427,81555,0.18359276274279926
"void rope_norm<true, true, float, float>(float const*, float*, int, int, int, int, int, int, int, int, int, int, int const*, float, float, float, rope_corr_dims, float, float const*, long const*, int)",80,6303827,78797,0.17738523471603743
"void rms_norm_f32<1024, true, false>(float const*, float*, int, long, long, long, float, float const*, long, long, long, HIP_vector_type<unsigned int, 3u>, HIP_vector_type<unsigned int, 3u>, HIP_vector_type<unsigned int, 3u>, HIP_vector_type<unsigned int, 3u>, float const*, long, long, long, HIP_vector_type<unsigned int, 3u>, HIP_vector_type<unsigned int, 3u>, HIP_vector_type<unsigned int, 3u>, HIP_vector_type<unsigned int, 3u>)",161,6293466,39089,0.17709368350168894
"void quantize_mmq_q8_1<(mmq_q8_1_ds_layout)0>(float const*, int const*, void*, long, long, long, long, long, int, int)",60,5978495,99641,0.16823062225909058
"void k_bin_bcast<&op_add(float, float), float, float, float, float const*>(float const*, float const*, float*, int, int, int, HIP_vector_type<unsigned int, 3u>, HIP_vector_type<unsigned int, 3u>, HIP_vector_type<unsigned int, 3u>, HIP_vector_type<unsigned int, 3u>, HIP_vector_type<unsigned int, 3u>, int, int, int, int, int, int, int, int, int, int, int, float const*)",123,4810916,39113,0.13537577472528037
"void mul_mat_vec_q<(ggml_type)12, 1, true, false>(void const*, void const*, int const*, ggml_cuda_mm_fusion_args_device, float*, unsigned int, HIP_vector_type<unsigned int, 3u>, unsigned int, unsigned int, unsigned int, HIP_vector_type<unsigned int, 3u>, unsigned int, unsigned int, unsigned int, HIP_vector_type<unsigned int, 3u>, unsigned int, unsigned int, unsigned int, unsigned int)",41,2581385,62960,0.0726383487550433
"void mul_mat_vec_q<(ggml_type)14, 1, false, false>(void const*, void const*, int const*, ggml_cuda_mm_fusion_args_device, float*, unsigned int, HIP_vector_type<unsigned int, 3u>, unsigned int, unsigned int, unsigned int, HIP_vector_type<unsigned int, 3u>, unsigned int, unsigned int, unsigned int, HIP_vector_type<unsigned int, 3u>, unsigned int, unsigned int, unsigned int, unsigned int)",11,2559018,232638,0.0720089571894287
"void rope_norm<true, true, float, __half>(float const*, __half*, int, int, int, int, int, int, int, int, int, int, int const*, float, float, float, rope_corr_dims, float, float const*, long const*, int)",80,2101377,26267,0.059131263020365664
"void convert_unary<__half, float>(void const*, float*, long, long, long, HIP_vector_type<unsigned int, 3u>, long, long, long)",64,1624768,25387,0.04571982274245577
"k_get_rows_float",256,1198983,4683,0.03373853388989557
"k_compute_batched_ptrs(void const*, void const*, char*, void const**, void**, long, long, long, unsigned long, unsigned long, unsigned long, unsigned long, unsigned long, unsigned long, long, long)",128,711119,5555,0.020010385869731803
"void mul_mat_vec_q<(ggml_type)12, 1, false, false>(void const*, void const*, int const*, ggml_cuda_mm_fusion_args_device, float*, unsigned int, HIP_vector_type<unsigned int, 3u>, unsigned int, unsigned int, unsigned int, HIP_vector_type<unsigned int, 3u>, unsigned int, unsigned int, unsigned int, HIP_vector_type<unsigned int, 3u>, unsigned int, unsigned int, unsigned int, unsigned int)",41,573636,13991,0.016141711455845607
"void mul_mat_vec_q<(ggml_type)14, 1, true, false>(void const*, void const*, int const*, ggml_cuda_mm_fusion_args_device, float*, unsigned int, HIP_vector_type<unsigned int, 3u>, unsigned int, unsigned int, unsigned int, HIP_vector_type<unsigned int, 3u>, unsigned int, unsigned int, unsigned int, HIP_vector_type<unsigned int, 3u>, unsigned int, unsigned int, unsigned int, unsigned int)",10,563420,56342,0.015854240438976167
"k_bin_bcast",128,536608,4192,0.015099769716158678
"quantize_q8_1(float const*, void*, long, long, long, long, long, unsigned int, HIP_vector_type<unsigned int, 3u>)",103,487122,4729,0.013707268664788165
"void mul_mat_vec_f<__half, float, 1, 64, false, false>(__half const*, float const*, int const*, ggml_cuda_mm_fusion_args_device, float*, int, HIP_vector_type<unsigned int, 3u>, int, int, int, HIP_vector_type<unsigned int, 3u>, int, int, int, HIP_vector_type<unsigned int, 3u>, int, int, int, int)",16,425046,26565,0.011960493915063476
"void mul_mat_vec_f<__half, __half, 1, 128, false, false>(__half const*, float const*, int const*, ggml_cuda_mm_fusion_args_device, float*, int, HIP_vector_type<unsigned int, 3u>, int, int, int, HIP_vector_type<unsigned int, 3u>, int, int, int, HIP_vector_type<unsigned int, 3u>, int, int, int, int)",16,152894,9555,0.004302329057677793
"void soft_max_f32<true, 256, 256, float>(float const*, float const*, float const*, float*, soft_max_params)",16,103409,6463,0.0029098561456002386
"void k_get_rows_float<float, float>(float const*, int const*, float*, long, long, long, unsigned long, unsigned long, unsigned long, unsigned long, unsigned long, unsigned long, unsigned long, unsigned long, unsigned long)",6,31408,5234,0.0008837989132571855
